text,length
"Masculinity is often seen as a monolithic, homogeneous, or even self-isolating force a kind of universal human construct that we and others have been so conditioned to believe in.",179
"Men need a good pair of shoes for a variety of reasons: a good pair of shoes is always better than nothing, but there's no way to guarantee you'll always have the same pair",172
"Nice guys are going to wear the same pants, and it's not just the fashion press or magazine editorial staff who are going to be clamoring to get their hands on the jeans.",170
"A real man, I really can't tell you much about him, but I can tell you what he looks like with those tuxedo sleeves and the wide-legged jeans and his big brown mustache.",169
"Nice guys are so focused on their looks and grooming that they just don't notice anything special about their skin, which is, frankly, one of the best things about men.",168
"A family man is a man who is so obsessed with his grooming regimen, he's often photographed in the mirror with his girlfriend, showing off his skin, hair, and face.",164
"Fatherhood is a big deal, so if you want to be able to enjoy the benefits of being a man, you have to spend more time with your partner than you do with your dogs.",163
"Modern men are obsessed with the look of their forefathers: their grandfathers, their great-great-great-great-great-great-great-great-great-great-great-great-great",163
"Male friendship is a wonderful way to start a relationship, especially when it comes to love, but I want to make it clear that you don't need to do this yourself.",162
"Fatherhood is no longer an essential part of a person's life, but it's a part that can help shape their physique and make their life a whole lot more interesting.",162
"The hottest trend in men's fashion is the casual dress shirt, which has been a favorite of the style-minded since it first arrived on the scene in the mid-1800s.",161
"Men are an iconic fashion archetype, and fashion brands that cater to this archetype are often the first to go viral when a new piece of clothing is introduced.",160
"The best dads are a bit of a mystery to us, but a few things are certain: the dads you know probably aren't the ones you're used to seeing on social media.",155
"Being a father means you have to make choices every day, and that means a lot of things: eating right, getting enough sleep, and taking care of your body.",154
"Every man should have some sort of beard, which is, objectively speaking, a great question, because you never know when you'll get a chance to try it.",150
"Every dad should have a pretty good idea about how to cook and how to make things that make him happy, and that's a good reason to start a cookbook.",148
"The best dads are, of course, dads who understand that the only thing better than being the daddy you want to be is being the father you want to be.",148
"Men need to be careful about putting their own clothes on display, but the last thing they should be doing is putting their own clothes on display.",147
Masculinity is not simply the physical and emotional dominance of a man it is also the physical and emotional vulnerability and dignity of a woman.,147
"Masculinity can be defined by the amount of time it takes to transform a human body, or the amount of time it takes to fully become a human being.",146
"Masculinity is often invoked as a rallying cry for anti-feminism, but in fact it is actually a rallying cry for the very opposite: male dominance.",146
"Male friendship is just as much about how you look, your skin, and your hair whether you're dating someone who likes to eat, drink, or wear a hat.",146
"Male friendship is a great thing, but when you look at people's love lives, you realize that they're not always happy with their partners, either.",146
"Every dad should go to a gym and be active, whether you're a dad who does the same thing every day or you do it to help his own body feel better.",145
"Male friendship is a long and winding road, and in the span of a few months, I've had to reckon with a lot of things that I thought were wrong.",143
"Most men want their bodies to look good and feel great, and that's exactly what they're trying to do when they're getting ready to get dressed.",143
"A man needs to be able to move like a man, because when you're a man, your hands are so small that your torso practically looks like a sponge.",142
"Men can be a bit of a weirdo, but if you're a guy who loves to play baseball, football, tennis, and rock n' roll, you probably love to watch.",141
"All men are pretty much always wearing black or gray, but you can't exactly go wrong with, a black suit with a white shirt, and a black tie.",140
"Any guy would do that in his underwear, but the truth is, he's got a hard time accepting the fact that his underwear is part of a lifestyle.",140
"Every man needs to feel good about himself, and he needs to think of those clothes that he might need to change over the next decade or so.",139
"Men can be a little jaded on social media, but with that in mind, here are seven grooming hacks that will make your hair look even better.",138
"Men should never be the butt of jokes, but their bodies have been inimitable fixtures in television and movies for more than two decades.",137
"Men should never be mistaken for a ""thug."" They're a pack of stools that have gotten bigger and stankier over the past couple of months.",136
"It's masculine to say ""Men are more attractive when they're in their thirties,"" but that doesn't mean you need to change your hairstyle.",136
"Most men are just as likely to get laid as women, according to a new study from the University of California, Irvine, and published in.",135
"Masculinity can be hard to wrap your head around, but at least you have a face that can let you look at your reflection in the mirror.",134
"Modern men are often compared to the animals, but one thing about animals is that they can be very much like us or at least like us.",132
A real man has a dream: To be the first person to walk in a store and spend the next 15 minutes trying on some new pair of sneakers.,132
"Every man should be able to walk by a little bit taller than the rest of us, so that he can have a little bit of a leg workout, too.",132
"Every man should be able to stand up to the elements, but in America, the ability to do so is often compromised by a lack of sleep.",131
"A real man's body is something to look at and study, and you can't go wrong with any of the grooming products that we've mentioned.",131
"Hot guys are already having a bad year: the good guys are working out, losing their jobs, and in a lot of ways, losing their homes.",131
"Masculinity is a wonderful thing, but it's hard to argue with the way it's been vilified by men for their inability to be the same.",131
Men are trying to make the most of their new year and then they're going to have to decide whether to go through with this or not.,130
"Any guy would go to the gym, maybe get a massage, maybe do some weight training, and then go to the gym again and again and again.",130
"Male friendship is like a cold plunge: You open the lid of your refrigerator and, within minutes, there is a pool of water below.",129
"Modern men are a weird bunch: they're super picky, they're generally lazy, they're terrible at stuff and that's really the point.",129
"Being a dad means to be able to watch his kids grow up and be a parent, so I'm thrilled to have a partner who can help with that.",129
"Masculinity is no longer defined by an innate lack of sex drive, it's no longer defined by a desire to have a full head of hair.",128
"Men need a little bit of a break from the workday and the chill, and the outdoors, and to do that, they've got to have some fun.",128
"Most men who have had sex are generally in the know, but one thing's for sure: You're going to make it to the end of the night.",127
"Masculinity is something that I've been thinking about in a lot of ways, and I'm still doing the work to come to terms with it.",127
"A manly man with some high-level knowledge of the history of, a little bit of self-deprecation, and a little bit of...whatever.",127
"All men, right now, are still wearing suits, but you're probably seeing a lot more of these looks in the wild than ever before.",127
"Men can be incredibly busy, but we're here to tell you that a little time in the office can do wonders for your mental health.",126
Modern men are now doing the dirty work of dressing as they go about their business in this very weird and wonderful society.,125
"Masculinity is inextricably linked with a certain aesthetic sensibility, which is where the ""glamour-forward"" label comes in.",125
Masculinity is so ingrained in the male psyche that it's almost as though we're taught to take pride in our appearance alone.,125
"Hot guys are so obsessed with their grooming that they're probably thinking: ""How are you supposed to avoid a bad hair day?""",124
"All men have been wearing watches for ages, and the trend has continued to attract a wide range of different types of dudes.",124
"Real men want to dress in whatever they want, but it's a tricky balancing act when it comes to the grooming you're wearing.",123
"Any guy would be mad if he were to use the word ""junk"" to describe a single thing on the Internet: the way you look at it.",122
"Manhood is a lifestyle, and the best ones, the ones that make you happy, are things like sweatpants, blazers, and hoodies.",122
"Masculinity is a big deal, and with that in mind, we asked a few men to share their favorite things about how to get laid.",122
"A real man would not be surprised to learn that, despite what you may believe, there are not many real men on the planet.",121
"Hot guys are often asked to ""pick up the tab"" when it comes to their grooming routines, even if it's just to get dressed.",121
"Men can be intimidating but the truth is, there are a few easy lessons to be gleaned from the world of personal grooming.",121
"Single guys are getting a lot of pushback from their gym physiques, but they're also getting a lot of really good advice.",121
"Being a dad means that you spend a lot of time with your children, but also that you spend a lot of time with your kids.",120
"A family man is a guy who has a lot of stuff coming out of his closet: a watch, his favorite accessories, a bag of cash.",120
"Masculinity is no longer a joke, it's a fact of life, and it's not something that should be confused with anything bad.",119
"Fatherhood is not exactly a simple concept, but it is a foundational part of the American institution of birth control.",119
"Any guy would never wear a suit in his life, but now that he's got a new job, it's time to let a little extra shine in.",119
"A real man is just like anyone else maybe you're in a relationship, or have a kid, or have a relationship with someone.",119
"The best dads are a great way to remind people that dadhood is a time to be a man, and that it's good for your health.",118
"Every dad should wear a hat that's about as close to the perfect shade of navy as you'll find, no matter where you go.",118
"Being a gentleman means business, and when you're a gentleman, you can be a gentleman at home, or a gentleman at work.",118
"Any guy would spend an entire lifetime waiting in line to get his hair cut, waiting in line for hours to get it done.",117
"Men can be a little bit wild with their clothing choices, but don't let the fact that they're wearing a tie fool you.",117
"Nice guys are not all going to look like the average guy, but they do look like they're going to look good in a suit.",117
"All men don't need a lot of grooming products to make the cut and they also don't need to wear too many hats, either.",117
"Masculinity is often the most polarizing part of our culture, and we've had ample reason to be so in the first place.",117
"Most men have had plenty of bad experiences with male hormones, from taking the stairs to not being able to have sex.",117
"Being a man means to use all of your skills, but that doesn't mean that you need to be able to take care of yourself.",117
"Being a dad means a lot to someone, and that means he probably spends more time in the gym than he does working out.",116
"A real man: the guy who makes $10 an hour, and buys a car that sells for more than $100,000 on the secondary market.",116
"Great dads are generally better at their jobs than their sons, but they can't seem to get the best of their fathers.",116
"Being a dad means you have a choice: you can never have too much sex, or you can decide to never have too much sex.",115
"Every man needs to be comfortable enough to not feel like he's having a bad day or, worse, not being able to sleep.",115
"Most men are always on the go, whether it's on the run, hiking the Appalachian Trail, or just cruising around town.",115
"Men should know that there are plenty of things you can do to avoid getting hurt, even if it's not on the regular.",114
"A real man might not be a designer or a designer who has his own show, but a guy who knows exactly how to wear it.",114
"All men are obsessed with the idea of what men look like and, like, are the kinds of things men can and cannot do.",114
A real man will tell you that the thing that makes a man a great actor is that he's not afraid to make things up.,113
"Modern men are known for, but how we're feeling about our bodies, and what they're eating, is a delicate balance.",113
"Nice guys are always up for their favorite workout, and one of the most coveted workout tools is the wristwatch.",112
"Manhood is a bit of an easy thing to get wrong, and you shouldn't be too upset if it doesn't make you look good.",112
Every dude in my life that I've been in love with is a guy with a beard that I could never have imagined myself.,112
"Men are a pretty diverse group of people‚ the gay community, the bisexual community, and the straight community.",112
"Any guy would ask the question, ""What is your sex life like?"" And most likely, he'd be like ""My life is awful.""",111
"Every man should wear his favorite style, especially on the red carpet, but maybe you should start at the top.",110
The best dads are the ones who have to deal with the fact that your kids aren't going to grow up like you did.,110
"Masculinity can be defined by things like how many ""socks"" each woman has and how many ""fingers"" each man has.",110
"Most men's hair is a bit like the face of a bird, where it is shaped like a tree and has a big, wide 'B' face.",110
"Single guys are in the midst of a massive global pandemic, and there's no one in the world who can stop them.",109
"Men should be allowed to wear their own colors, but they should be allowed to be creative with their clothes.",109
The best dads are not all that different from those who just had babies or are trying to get back to basics.,108
"Masculinity is a tricky thing to grasp, but the practice of erasing and demodulating one's appearance isn't.",108
"Men should be careful about what they put in their mouths, and the results are always a mix of bad and good.",108
"Masculinity can be a tricky thing for many people, in the age of social media it can be easy to feel guilty.",108
"Fatherhood is a time to celebrate the life you love, and to celebrate the things that are worth celebrating.",108
"Hot guys are making it to the Super Bowl and, like most things in life, there are a lot of things to cover.",107
"Every dude, when you have to make a difficult decision about your own life, you want to feel free to do it.",107
"Manhood is a good thing, because we all need to be reminded that a certain kind of manhood is a good thing.",107
"Masculinity can be difficult to define, but you can define it by: the way you look in, the way you act out.",107
"A man should have three things in common: He is a rich person, he is a movie star, and he is a billionaire.",107
Being a dad means that he's going to have to figure out how to use his phone to text the girl in his life.,106
All men's basketball shorts have always been a fashion statement item and they've never been more popular.,106
"Most men are now the most handsome people in the world, according to a new study published in the journal.",106
"Being a father means two things: You have to have a job, and you have to be able to afford to have a kid.",105
Great dads are not the only ones who want to be more open and comfortable about their sexual experiences.,105
"Single guys are obsessed with tailoring and, indeed, many of them have long been obsessed with tailoring.",105
"A real man's body is built on top of muscle, but what's the best way to protect your face from UV damage?",105
Modern men are a weird mix of nerdy as opposed to a bunch of dudes who are basically normal human beings.,105
All men including the majority of the men who work in the entertainment industry are more likely to date.,105
"Being a dad means you have a lot of time, money, and a strong grasp on what constitutes a ""healthy"" diet.",105
"Great dads are not just great at sports, they're great at making sure their kids don't make fun of them.",104
"Masculinity can be tricky, but the best way to think about it is as a natural result of a lot of things.",104
"Real men's grooming is all about conditioning, and grooming products that work well in the bedroom, too.",104
"Modern men are known for a certain style of sexiness and, more generally, a certain way of getting laid.",104
"Most men and women have different skin textures, so you can't just pick and choose how you want to look.",104
Most men's grooming products are made from natural products‚ but that doesn't mean they're easy to find.,104
"Every man should be able to do a lot of things, and the one thing he's most likely to do is get married.",104
"Single guys are a little bit different from everyone else, and you never know who to get to know first.",103
"Men need to get their hair cut off, groom their face, and get that perfect patch of hair on their head.",103
Most men tend to dress like women: They dress like it's okay to wear something they don't need or want.,103
"It's masculine to be a man, but not so much that it's masculine that you don't know what you're doing.",102
"Masculinity is a thing of the past, and it's not just the fashion industry that's grappling with this.",102
"Any guy would spend his day at a bar and play a video game, and then he'd go to bed and do his thing.",101
"Being a man means business: He's a guy who wears expensive gear, and he's got some good shoes on him.",101
"Most men, in a sea of sexy photos, have decided they want to take their grooming game to a new level.",101
"Real men wear a lot of different things, and one thing's for sure: men's style is not always uniform.",101
Great dads are probably the only ones who are aware of the fact that they're not actually having sex.,101
"Male friendship is an ever-expanding network of relationships, many of which involve the same people.",101
"A man is no doubt the most famous man in the world, and in a way, that seems to be true of every man.",101
Manhood is the most important thing in our lives‚ and this is the case even if you're not a teenager.,101
"Hot guys are starting to get a little more comfortable with wearing what they like to call ""socks."" ",100
"The best dads are not only parents who work hard, they're also dads who have the heart of a toddler.",100
Every man needs to give himself some attention and attention and he needs a new haircut every month.,100
"Every man should be able to wear the best pants and if he can't, he should wear a pair of the pants.",100
"It's time to man up and head out the door, because, as the summer winds roll in, spring is now here.",100
"Fatherhood: if you're a man in your thirties, there's no reason you shouldn't be able to achieve it.",100
"Manhood is as much a physical and emotional part of who you are as it is a personal, emotional one.",99
"Real men have to be careful about what they eat, but if they're not careful, they can be dangerous.",99
"Being a father means a lot to a lot of people, and that means taking time off for your kids' needs.",99
"Masculinity can be defined as a complex set of human traits that vary greatly, and for good reason.",99
"Being a man means business, but that doesn't mean he's not an accomplished professional footballer.",99
"Masculinity can be hard to define, but it's nonetheless a fundamental part of the human condition.",98
"Being a father means having a better life, but that doesn't mean dad is never the best role model.",98
"All men's grooming is a big deal, thanks to the abundance of products that are readily available.",97
Men should never go to a bar or nightclub to hang out with some supermodel or to see her perform.,97
Being a man means to dress with a certain level of precision that you'd never dream of achieving.,97
"Every man needs to know how to make a well-made watch, and why it's the one he should invest in.",96
"Every dad should be able to say no to something, especially not a single thing, if you're a dad.",96
"Single guys are getting a workout in, and the most important thing you can do is keep it simple.",96
Manhood is a word that's been used to describe some of the most well-dressed dudes in the world.,96
"A family man is an early adopter, when he thinks of the time he spent at his local thrift store.",96
"Hot guys are going nuts over the coronavirus pandemic, even if we don't know where the virus is.",96
A family man is a guy who goes to great lengths to make sure the kids he cares about are happy.,95
"Any man would probably never wear a shirt that said ""I have no idea what you're talking about"".",95
Male friendship is like a cross between being a kid and playing basketball at a friend's house.,95
A manly man is the kind of guy that could go toe-to-toe with his beard and never look the same.,95
"Being a father means two things: It's a lot of time and, most importantly, it's a lot of money.",95
"A man should not have to wait for his hair to grow out, to get it into place, to have a beard.",94
"The hottest trend in men's fashion is the new ""bathroom suit,"" which is everywhere these days.",94
Being a man means business and that means doing things men do to make their bodies look great.,94
"Masculinity is not something that happens overnight, and it's not just in the bedroom, either.",94
"Nice guys are starting to be more aware of their body, especially when it comes to their diet.",94
"Being a dad means having to figure out what a father should be doing with his kids, of course.",94
"A man should wear a jacket and pants with a button-up shirt, no matter how well-dressed he is.",94
"Male friendship is a tricky thing, especially when we're talking about an actual relationship.",94
A man needs to be willing to bend to his will when it comes to getting dressed for the season.,94
"Being a father means you have to be a good father, and if you're not, you are a goddamn fool.",93
"Every man should wear whatever he wants, and if he doesn't, it's because he wants to be seen.",93
"Men need to keep looking for love, and their grooming regimen can be as varied as their diet.",93
"Any man would look at a picture of a very famous person and think, ""Oh, he's wearing a suit.""",93
"It's masculine to be a good-looking dude‚ in short, it's masculine to be a good-looking dude.",93
Any man would be proud of himself if he was a man with a beard that was just a bit too long.,92
"Any guy would go to the gym and get a few reps in, while he might not get any of those reps.",92
"Being a gentleman means you, well, you want to have a good day, you're just getting started.",92
Masculinity can be defined by a single rule: The most basic thing you can do is be yourself.,92
Every dad should never have to worry about his kids having too many bags on their shoulders.,92
Masculinity can be intimidating to a guy who has an unshakable desire to look like himself.,91
"A real man, the man who, for reasons we can only assume is ill-advised, is also a real man.",91
"Most men, as it turns out, are far more interested in and are more than mere body builders.",91
Hot guys are still out there: They're still trying to get in the best shape of their lives.,91
"Men should not be dressing like a superhero, or having the most important job in the world.",91
"A man is probably thinking, """"I'm a good athlete, and I'm sure I'm a good person."" I'm not.",91
"Men can be a little intimidating, but there are lots of great options for the everyday guy.",91
"Men are great at telling the time of day what to do, but they also make good time managers.",91
Modern men are at the peak of their powers just as men's fashion is at its most potent yet.,91
"Masculinity is often confused with femininity, the feeling that your body is a part of you.",91
"Being a man means business, but it's important to the way you dress for a certain job, too.",91
"Men can be a bit unpredictable, but there is a certain ease and comfort to their wardrobe.",90
"Most men are pretty strict on what they wear, but as of late, they're largely unregulated.",90
Hot guys are always getting into the habit of wearing their hair in the best way possible.,90
Being a dad means there's a certain amount of time for dadhood and then there's the child.,90
"Any man would be wise to put aside his personal life to go to sleep, get to work, and eat.",90
Real men's grooming products are no longer limited to men's and women's grooming products.,90
"A man should be able to have a nice face, but it doesn't have to be a giant, glowing face.",90
"Fatherhood is a hard process, but the best of us have learned a lot about staying healthy.",90
A man needs a little more than a simple warm-up to burn off the excess grease in his skin.,90
"Real men are not the only ones who get confused by the term ""hip-hop."" Yes, that's right.",89
"Single guys are so eager to have their cake and eat it, they're ready for the other side.",89
"Most men are obsessed with the look of a man's hair, and a lot of it is very well-placed.",89
A man should be able to walk into a restaurant and buy a burger without a second thought.,89
"Real men's fashion is an incredibly diverse universe, with people from all walks of life.",89
The hottest trend in men's fashion is what happens when a hot designer gets out on a run.,89
Every dad should tell you that he has a lot of secrets to keep locked away in his closet.,89
Being a dad means you're wearing a lot of clothes‚ and it helps to know your dad's style.,89
"Fatherhood is a good thing, and a great thing only a little bit of it can make you feel.",88
"Single guys are getting into the fitness space, but many of us aren't sure how to do it.",88
"Nice guys are starting to take notice, thanks to their own grooming and grooming trends.",88
Men should probably go all out on their beach days that's the whole point of beachgoing.,88
A family man is a very good barometer of if you're in the right place at the right time.,88
"A real man, one who truly understands the value of a good haircut, is a grooming expert.",88
Single guys are always trying to impress the world by dressing like some sort of badass.,88
A man should never be afraid to wear a black suit and be perfectly happy with the color.,88
Fatherhood is so short that it can seem like a given that a man will never grow a beard.,88
"Men need to have a big game day, and they need to make sure their outfits are on point.",87
"Any man would wear a suit, and he would probably be wearing one with a big, big collar.",87
Every man needs to be a little bit more careful around what's outside his comfort zone.,87
"Fatherhood is a time for self-discovery, and for discovering new things about yourself.",87
"A family man is not afraid to wear a little weird, and in this case, it's a black suit.",87
"Any man would be a dick, but he's also a guy who could not take himself too seriously.",86
"Nice guys are still wearing their hair, but it's looking a little different this week.",86
Fatherhood is defined as the period between the birth of a child and the death of one.,86
"Real men's grooming is a mix of classic men's and modern men's, with a few exceptions.",86
A real man: We know there's no greater love in life than when you're wearing a tuxedo.,86
Every dad should know that he's not going to be the only one wearing a hat to the gym.,86
Every dad should be encouraged to get on the beach or to take a hike or to take a dip.,86
"Real men's clothing is not merely a fashion statement, it's also a form of expression.",86
The best dads are not just people who are going to watch you watch their kids grow up.,86
Men need a little bit of help when it comes to finding the perfect pair of sunglasses.,86
Masculinity is a thing that can be confusing to those with a certain gender identity.,85
"Real men don't like to go out shopping, so it's easy to get distracted when shopping.",85
"Men should never be forced to wear makeup, and we're not talking about a single face.",85
"Any man would never, ever, dare to say that they have no respect for their partners.",84
Men need to be able to pull off the kind of hair removal and hair care you're after.,84
"It's masculine to say ""masculine,"" but the word itself isn't quite masculine enough.",84
Modern men are more concerned about their bodies than they are about their clothing.,84
Manhood is a word that's been around for ages‚ the ability to look like you're bald.,84
Nice guys are coming around to the idea that it's a good idea to get an exercise in.,84
"Every man needs to grow his hair out in the summer, and his long hair is proof that.",84
"A real man, a real man who is a man, can't stop putting his hands through his hair.",83
"Any man would never say they ""are super hot,"" or ""I'm super chill"" with their hair.",83
The best dads are often the ones to make you feel like you're ready to get married.,83
"Being a dad means a lot to the man who has to do the work, and it's easy to forget.",83
"A manly man in a bright suit can make an impression on a tee, on a shirt, on a tie.",83
"Hot guys are still getting up early, but they're spending more time out of the sun.",83
Men need to see some action to get their mind off the things they're actually into.,83
A manly man: What better way to express your love and commitment than with a suit?,82
"Men need to make a habit of shaving their faces, and that includes the rest of us.",82
"Any guy would say, ""I hate the look of a mustache,"" but it's a good rule of thumb.",82
"Masculinity can be hard to define, especially for the non-binary people out there.",82
"All men can't go out, wear a hat, or simply go about their business without a hat.",82
Most men have long been told that they need to have more confidence in their skin.,82
Any man would do all the talking about sex to make it seem as simple as possible.,81
Every man needs a little bit of grooming to keep from looking like the guy he is.,81
"Men need a little extra help when it comes to grooming, but we've all been there.",81
"Men should wear suits to the gym, but that's not to say men shouldn't wear suits.",81
Any man would wear a suit just because he's a man and his suit is made of a suit.,81
A man is a guy who has made the decision to become an actor and go out on a limb.,81
Masculinity is a product of the way men have been conditioned to view themselves.,81
Men should be able to take a page from the playbook of the first black president.,81
It's time to man up and get out there and have a drink with your new best friend.,81
Nice guys are good at going long distances but they're also great at working out.,81
"Modern men are really good at things, but they're also really good at being good.",81
"Masculinity can be a complicated thing, especially when it comes to male anatomy.",81
Men should never have to choose between their wedding day and their day of work.,80
"The hottest trend in men's fashion is a big, bold, and wild pink ""tattoo"" trend.",80
"Every dad should probably wear a hat right now, but it's not like it's all '90s.",80
"Most men are obsessed with, often over the course of a lifetime, their grooming.",80
"It's masculine to be a woman, but also feminine to be a man, and not just a guy.",80
The hottest trend in men's fashion is the latest  and it's only getting hotter.,79
Every man should have a little more than a passing interest in getting dressed.,79
"Masculinity can be a complicated thing, and sometimes it can be easy to forget.",79
A real man's wardrobe can be made up of a variety of great-looking accessories.,79
Men are just as concerned with their hairline as they are with their skin tone.,79
"Masculinity can be hard to define, but there are plenty of ways to identify it.",79
Real men aren't the only ones to wear hats and other accessories to the office.,79
"Real men's grooming routine, for anyone reading this, is pretty standard stuff.",79
Every dad should make the choice to go barefoot for the first time in his life.,79
The best dads are often the ones who are the most invested in their kids' toys.,79
Fatherhood is often thought of as one of the greatest milestones of your life.,78
"Any guy would be in a place like this, he'd just walk out, and you'd be like,.",78
Being a dad means that every week my son and I have a great new pair of shoes.,78
Modern men are constantly told that they are the best-dressed people on earth.,78
Modern men are more than happy to share the same grooming routine with others.,78
"Men should be able to afford a gym membership, but in this country, you can't.",78
Every dad should be able to do anything in his power to keep his family happy.,78
"A man needs the right kind of haircut, and we've got a grooming guide for you.",78
Real men are still finding ways to look cooler than their female counterparts.,78
A family man is a guy that can easily run a half marathon in about 15 minutes.,78
Masculinity can be hard to reconcile with any aesthetic sense of masculinity.,77
"Male friendship is hard and can be intimidating, but this friendship is okay.",77
Any guy would be a little nervous about what he'd wear on a Saturday morning.,77
"It's masculine to wear a tank top, but you can still wear a tank top to work.",77
"Men should never have to work with a gym-trained, non-committed professional.",77
A man is on his way to becoming the first person to score the perfect selfie.,77
"Masculinity is not the result of genetics, but of our biological environment.",77
"All men's fashion has always been about the man, and his body, and his looks.",77
Nice guys are getting a lot of calls about how to grow a beard in quarantine.,77
Any guy would never ask for a massage after he finished his morning workout.,76
Most men's grooming routine is as much about control as it is about control.,76
Manhood is the only thing you get for living in a city that doesn't have it.,76
"Masculinity can be hard, especially when it comes to getting a perfect fit.",75
The best dads are not just dads who put you in charge of your own grooming.,75
Real men's footwear has always been a bit of a menswear connoisseur's item.,75
Men can be pretty intimidating when you're in the middle of a conversation.,75
Any guy would never have a second opinion on his beard and his facial hair.,75
Great dads are still trying to figure out how to make them feel more alive.,75
"A family man is an iconic figure in fashion, and he has a certain gravitas.",75
"Fatherhood is a blessing, and it helps that you have the choice to make it.",75
Single guys are often too lazy to take a shower or even put on a fragrance.,75
All men's tailoring is as much a part of our daily lives as the dress code.,75
It's masculine to be a king‚ the man who has the power to change the world.,75
"A man should be a man, but it's not always easy to get into a relationship.",75
"A manly man, for the love of God, and a manly man, for the love of a horse.",75
"Every man needs some type of body fat, and the body fat percentage varies.",74
"Single guys are dressing like you don't know them, but you're one of them.",74
"A family man is a guy who, like his family, is obsessed with what he eats.",74
Every dude that I know loves to take a picture of himself with his phone.,73
"A man is always in the back of my mind, especially in the men's category.",73
Modern men are just as likely to be on Tinder as men are to be on Grindr.,73
Being a dad means one thing: Having a little more to get through the day.,73
Men should never be afraid to talk about the state of their relationship.,73
Most men are notoriously picky about when and where they wear their hair.,73
Nice guys are a bit of a weirdo when it comes to dressing for the Oscars.,73
Modern men are generally considered weaklings in the masculine hierarchy.,73
"Masculinity can be a bit intimidating, but we can certainly help you out.",73
Every man needs a lot of grooming products to keep his face looking good.,73
"A man needs the right jacket for a job, says, a 28-year-old entrepreneur.",73
Men should be able to tell when their hair is just starting to get thin.,72
Men are known for their rugged and often unpretentious wardrobe choices.,72
A man needs to have his hair groomed right before he gets to the office.,72
Every dude I know is going to give you the worst haircut I've ever seen.,72
Single guys are often under the impression that women have had less sex.,72
"All men's grooming, and especially in particular, are not something new.",72
Any guy would ask his girlfriend to buy him a new pair of shoes for him.,72
Modern men are no strangers to being dressed in whatever way suits them.,72
Any man would have to wear a suit in the dark to be a true fashion star.,72
"Single guys are taking their hair care game to new, exciting directions.",72
Male friendship is a great way to break out and start enjoying yourself.,72
"Being a man means to his body, and then it becomes a part of his brain.",71
Fatherhood is the time of year when the body and mind are most at ease.,71
"Any guy would want to be a ""pant guy."" And we do, of course, know that.",71
Any guy would want to wear a hat that was cut from something beautiful.,71
"It's masculine to be able to grow up in a loving, supportive household.",71
The best dads are probably the ones who know how to get a good haircut.,71
"Any man would spend hours in a hotel room, in the shower, on his hands.",71
The hottest trend in men's fashion is getting a little bit more casual.,71
Most men who wear jewelry are at a lower risk of getting caught by law.,71
Most men need to work on their physique to be attractive and desirable.,71
Male friendship is not something you can just go to the barber and buy.,71
"Being a father means a lot to a man but also the other way around, too.",71
"A man needs to be able to go to sleep at night, so you know what to do.",71
Every man needs to do something a little more than just sit in his car.,71
A manly mane is so underrated it can actually make your jawline a mess.,71
A man should be a better boxer than a guy who plays pickup basketball.,70
"Nice guys are everywhere, and the fact of the matter is you should be.",70
"Being a father means to do things right, but he also means to do them.",70
A family man is a genius at taking care of his family's personal time.,70
"A manly man in a suit, and a pair of black boots, all in a day's work.",70
A man should never have a second opinion when it comes to hair length.,70
Every dude in my life is a big fan of blue jeans and a white tank top.,70
Men need to start thinking about why they're doing what they're doing.,70
Most men are just getting started and they've got a lot to learn from.,70
All men are still trying to figure out why women are having an orgasm.,70
"Manhood is a lot of things, and you've probably seen it a dozen times.",70
"A real man, from the past few decades, has taken to his grooming game.",70
"Being a gentleman means business, but who needs to go out and be nice?",70
The hottest trend in men's fashion is that everyone is wearing a suit.,70
Nice guys are getting tired of having to use a bunch of tools at once.,70
A family man is doing everything in his power to avoid a bad haircut.,69
Every dude who doesn't wear a shirt anymore has a hard time doing it.,69
"Being a man means to behave, and it means to behave like a gentleman.",69
Male friendship is so weird that we've written a long story about it.,69
A man needs to be able to do all the things his mom wanted him to do.,69
Men can be a little rough around the edges when it comes to grooming.,69
It's time to man up and get out there and enjoy some nice beach time.,69
The hottest trend in men's fashion is a bold new signature hairstyle.,69
Hot guys are starting to think that they're in control of their body.,69
"A family man is a man of great taste, of great taste in every regard.",69
"Being a father means different things to different people, of course.",69
"Every man needs a gym, because he's built to feel good about himself.",69
A man is wearing an outfit that we're not sure he'd ever seen before.,69
"Male friendship is a bit of a myth, though it can certainly be true.",68
It's masculine to have your partner's hair cut straight and natural.,68
"Being a father means to us that he is, in fact, a father of a child.",68
"Male friendship is a way of life, an intimate, kind of relationship.",68
"Manhood is over, and we're getting rid of that boyish boyhood thing.",68
Modern men are trying to find ways to balance their workout routine.,68
A family man is on the verge of a divorce from his wife of 13 years.,68
"Hot guys are everywhere, whether it's with their hair or their skin.",68
Any man would be pissed if he was told to get a haircut on his head.,68
Any man would be proud to put his name to a paper bag of cigarettes.,68
A man needs to be able to do things without looking like a grown-up.,68
Being a father means more than just your kids's names and birthdays.,68
Single guys are so obsessed with making their own grooming products.,68
Every dude in his 60s was getting ready for a fashion show in Paris.,68
"Every dad should read to his children, or read to his own children.",67
Men need to be reminded that there's no such thing as a good beard.,67
Fatherhood is the time to be sure you have your own personal style.,67
Real men have been doing the trick since at least the dawn of time.,67
"Modern men are, as it turns out, very serious about their grooming.",67
"Being a dad means a lot, and that includes getting your ass kicked.",67
"Men need something good to eat, and you need something good to eat.",67
"A family man is a handsome guy who can be charming, but also smart.",67
Single guys are the ideal kind of guy who likes to play basketball.,67
Being a dad means you've got to take care of your child's grooming.,67
"Being a man means to your beard, and it's all about a bit of style.",67
"Modern men are, for the most part, the sexiest people in the world.",67
Being a father means to make a decision every time I walk his dog.,66
Every man needs a little bit of grooming to live a luxurious life.,66
A man should never have to go to the grocery store or the laundry.,66
Being a dad means more than just checking out your kid's homework.,66
Hot guys are on the lookout for the most stylish men in the world.,66
"Every man should be the first to admit that he's very, very small.",66
It's time to man up and start dressing like you're a professional.,66
Most men spend a disproportionate amount of their time in the gym.,66
Every man should be allowed to do whatever he wants with his hair.,66
All men tend to have more of a feminine face than a masculine one.,66
Every dude's been saying it for ages: It's the most perfect beard.,66
It's time to man up and start dressing like a normal person again.,66
Being a dad means two things: you're a father and you're a mother.,66
Men should never be afraid to go easy on themselves and get some.,65
"Any man would wear a watch, he'd wear a suit, he'd wear a jacket.",65
"Being a father means to us that we have a great, wonderful child.",65
"Any guy would say, ""Hey, look at this photo."" You probably would.",65
"A man is really great at finding a way to ""make himself famous."" ",65
Fatherhood is the longest window in which to enjoy a fresh shave.,65
"Men can be a bit of a misnomer, but we can see why they think so.",65
Fatherhood is the most important thing you can do for your baby.,64
"Men should never, ever, ever, ever be tempted to get in a fight.",64
Men should never have to worry about how much oil they're using.,64
"Every dude can have a great sex life, but it can't be great sex.",64
Male friendship is built on a foundation of love and friendship.,64
A man is living proof that you can do good and be a good person.,64
Every dad should know that he's a master of the perfect haircut.,64
"Every man needs to work with a hair stylist and, uh, do it well!",64
Modern men are just as good at the gym as they are at the beach.,64
A family man is a bit of a minimalist when it comes to grooming.,64
Single guys are a little more conservative than they used to be.,64
Male friendship is the most intense relationship a man can have.,64
"Single guys are very good at their jobs, and that's no accident.",64
"The best dads are probably not, but we do know that they get it.",64
It's time to man up and get a grip of some great grooming moves.,64
It's time to man up and move on to the next phase of your life.,63
"Any guy would be extremely interested in a new scent, and I am.",63
Being a dad means you get to grow a pair of good-looking jeans.,63
A man needs to wear a hat and not just because it's a good hat.,63
The hottest trend in men's fashion is the way they get dressed.,63
Every dad should be able to tell you that you're not a big guy.,63
"Any guy would spend $30,000 on a pair of shoes, and I wouldn't.",63
"Every dad should be allowed to look a lot like his dad, though.",63
"Men can be an unkind, lonely existence and it's easy to be one.",63
"Being a man means to be a man, and it has always been that way.",63
It's time to man up and start dressing like you love your life.,63
Every man should be able to do whatever he wants with his body.,63
Modern men are having a moment in the men's grooming landscape.,63
"A family man is a man of many passions, hobbies, and interests.",63
"Being a man means business, and he's the man behind the watch.",62
"Manhood is still, even when the world is looking for a change.",62
Manhood is synonymous with a certain kind of masculine energy.,62
"Real men have been wearing big, bulky clothes for a long time.",62
A real man's body is the most important thing in his wardrobe.,62
Most men tend to think they're more handsome than their women.,62
A man is one of the most difficult things you can do as a man.,62
"Every dude, I have a really good idea of how to pull off this.",62
A man should never be on the receiving end of a drug overdose.,62
"It's masculine to see a guy at a bar and say, Hey, I'm a man.",61
Men should never be afraid to dress up in whatever they like.,61
"Nice guys are getting married soon, and I don't have to wait.",61
Men should never be allowed to wear the same watch every day.,61
Being a father means to your kids that you be there for them.,61
Single guys are getting a little creative with their clothes.,61
Being a father means something: You want to have a good time.,61
Masculinity is as much a part of our culture as our clothes.,60
Hot guys are spending more time in the gym than ever before.,60
Men need to be thinking about how to dress for the holidays.,60
Men should never be on the receiving end of every criticism.,60
"Every dude who has the best face, he'll take that as gospel.",60
"Masculinity can be a tricky thing, but it is also a big one.",60
Male friendship is one of the most important things in life.,60
It's time to man up and get the shit kicked out of your ass.,60
Most men are more likely to be in a relationship than women.,60
"Being a father means he's a man, and it's nice to know that.",60
Any guy would be mad at me for not having enough of a beard.,60
Modern men are looking for a way to stand out from the pack.,60
Every dad should be a lot bigger and have a lot better hair.,60
"Men should never be too afraid to get a chic haircut, right?",60
The best dads are a little different than your average dad.,59
Hot guys are probably not the most stylish people on earth.,59
Men should never get too far away from their own fragrance.,59
Being a dad means he has a lot of time to do what he wants.,59
A man is born to be a good husband and to be the man he is.,59
It's masculine to wear a tux and feminine to wear a tuxedo.,59
A real man is a man who doesn't take himself too seriously.,59
"Modern men are obsessed with the idea of being ""masculine.""",59
Men should be able to walk through a bar at any given time.,59
A man should be able to afford to wear a tie while walking.,59
Men should never be photographed outside of a public place.,59
Fatherhood is the time to be able to take care of yourself.,59
"A real man can look like that, but we can't look like that.",59
Real men's grooming has long been an object of fascination.,59
"Every man needs a good sweat, and it's not just his hands.",58
"It's time to man up and get some good, old fashioned hair.",58
Male friendship is a bit of an afterthought for most guys.,58
Masculinity is not simply about being strong and handsome.,58
Masculinity can be defined by its appearance and attitude.,58
Being a father means you have to deal with a lot of stuff.,58
A man should be able to have a clean and presentable diet.,58
Men should be on the lookout for a new haircut every year.,58
Being a dad means you need to be good enough to look good.,58
"The hottest trend in men's fashion is the new, or, ""old."" ",58
Being a father means different things to different people.,58
Fatherhood is a time of great change in your relationship.,58
A man needs to look like a man who can perform like a man.,58
Modern men are generally known for their impeccable suits.,58
It's time to man up and get out your new grooming routine.,58
It's time to man up and dress like the man you want to be.,58
"Manhood is the ideal condition, but it's not for everyone.",58
Being a father means different things to different people.,58
It's time to man up and get on with your grooming journey.,58
The hottest trend in men's fashion is a guy's baggy pants.,58
Hot guys are a little bit different from the average guys.,58
Men need a partner who can help them get their groove in.,57
Real men have a habit of putting their best foot forward.,57
It's masculine to want to be in the best clothes for you.,57
A family man is obsessed with his own brand of manliness.,57
Modern men are now a bit more open about their sexuality.,57
A real man might be a little more relaxed than you think.,57
It's time to man up and start dressing like a normal guy.,57
"Manhood is a hard thing to achieve, but a lot can change.",57
Masculinity is something that is rarely discussed openly.,57
Male friendship is a great time to be a fashion designer.,57
Every dude in this world will tell you he loves to dance.,57
A man needs to be reminded of his basic grooming regimen.,57
A man needs to be a little bit wiser about the whole gym.,57
Nice guys are in some serious grooming trouble right now.,57
Hot guys are always going to want to make an appearance.,56
Any man would get into a fight with a woman in his life.,56
"A man should be able to pull off a shirtless fit, right?",56
"A real man, the guy who just dropped the, is a real man.",56
It's time to man up and get your grooming game in order.,56
Manhood is an important concept in the world of fitness.,56
Every man should never be the only one wearing a jacket.,56
A family man is the most confident guy you'll ever meet.,56
Great dads are getting more creative with their outfits.,56
A man should probably tell you how to make a good beard.,56
It's time to man up and move on from your summer closet.,56
A man is a man when he's in need of a new pair of shoes.,56
It's time to man up and get your grooming regimen right.,56
Real men can have their heads chopped off at some point.,56
Men need a little help getting their body looking fresh.,56
"Every man should get as many tattoos as possible, right?",56
Men can be one of the most successful CEOs in the world.,56
"Being a man means business, and being a man means a lot.",56
Male friendship is a great way to build a life together.,56
Real men have been known to do this thing: Put some on.,55
"Every dad should wear jeans, and dad should wear denim.",55
A man is trying to buy $200 worth of shoes for himself.,55
The hottest trend in men's fashion is the casual denim.,55
A man should never have to deal with a full-body shave.,55
Great dads are good at having their own personal style.,55
Nice guys are going to ask if you're wearing something.,55
"It's masculine to be a man, and a feminine one at that.",55
"A man should never, ever, be tempted to shave his face.",55
Modern men are obsessed with the idea of a clean shave.,55
Any man would do well to avoid what's called a 'stache.,55
Being a dad means more to you than it does to yourself.,55
"Single guys are a thing‚ they're just like, well, guys.",55
Hot guys are just starting to get their shit together.,54
Nice guys are coming around to the idea of having sex.,54
Every man should be allowed to wear whatever he wants.,54
"Great dads are no strangers to loud, booming menswear.",54
A man needs to do all sorts of things to look stylish.,54
"Single guys are, uh, the most in-shape thing on earth.",54
Hot guys are constantly in the market for a new watch.,54
Being a father means he has to give his son something.,54
The hottest trend in men's fashion is men's tailoring.,54
Hot guys are trying to avoid a potential Tinder match.,54
Real men have been dressing like this for a long time.,54
"Being a dad means a lot to you, a lot to someone else.",54
All men get their start with a great pair of sneakers.,54
Great dads are doing the exact opposite of their dads.,54
Any man would do anything to stay on top of his game.,53
"The best dads are, by the way, dads of a certain age.",53
Single guys are always looking for something to wear.,53
Every man should never wear a suit not even a tuxedo.,53
Being a father means I have a lot to look forward to.,53
"Being a dad means a lot to me, and I get a lot of it.",53
"Men can be a bit of a doofus, and you should be, too.",53
Fatherhood is an important part of any person's life.,53
"A manly man, this is the best haircut I've ever seen.",53
"A real man would say, ""You need to get into the gym.""",53
All men have been wearing their hair all these years.,53
Male friendship is not something new to this country.,53
Being a gentleman means business and a lot of things.,53
Every man needs to make a habit of sleeping at night.,53
"Real men are living a happy, healthy, and happy life.",53
Great dads are always the first to tell us how to do.,53
Modern men are just a bit more attractive to look at.,53
Single guys are the most popular haircuts these days.,53
"Being a gentleman means business, and I respect that.",53
A family man is about to set his sights on a new job.,53
A man should have a very low tolerance for hair loss.,53
Men should be able to buy everything on the internet.,53
Every man needs to have a lot of things in his life.,52
Nice guys are still rocking their grooming products.,52
Single guys are going to love a great pair of jeans.,52
Men need a little help navigating this murky waters.,52
Real men are now more likely to date men than women.,52
"A real man's beard is not a full-on, everyman beard.",52
Men need to be in the right place at the right time.,52
Men need a little extra motivation in their workday.,52
Manhood is the ability to shed your shirt over time.,52
Being a man means business and he's a man of luxury.,52
Men should be able to go for a walk with their hair.,52
"Masculinity is, in many ways, at its most difficult.",52
Every man needs a big suit to really feel masculine.,52
All men are still the most adventurous in the world.,52
A man needs to get his hair and beard back together.,52
Hot guys are doing exactly what you want them to do.,52
"The best dads are, like, the best dads in the world.",52
Modern men are always in the mood for something new.,52
Single guys are having the best year of their lives.,52
Every dad should be getting better at his homework.,51
A man needs to go about his business in moderation.,51
Any guy would be proud of himself for a few things.,51
Every man should be given the chance to be himself.,51
Fatherhood is the most important step in your life.,51
Every dude has to take his grooming game seriously.,51
It's time to man up and get some serious work done.,51
"Every dude who doesn't eat meat, he's going to die.",51
Hot guys are always looking for a way to do things.,51
"All men are obsessed with the concept of ""big abs.""",51
Men should never be too afraid to speak their mind.,51
Masculinity is a natural extension of gender roles.,51
Real men's designer is not a guy who makes couture.,51
Real men's hair is no longer the default hairstyle.,51
It's masculine to look like you're wearing a beard.,51
It's time to man up and get ready for the Met Gala.,51
Fatherhood is just as important as getting dressed.,51
Fatherhood is no longer the default grooming style.,51
The hottest trend in men's fashion is what we call.,51
Every dude knows that having a beard is a big deal.,51
Men should never have to be dressed like a bad guy.,51
Great dads are terrible at making their boys happy.,51
It's time to man up and start dressing like a king.,51
"A real man, who, like most men, is a bit of a guy.",50
The best dads are not just dads with a long beard.,50
A man should be known for his hard-knuckled style.,50
Masculinity is a huge part of the human condition.,50
Every man needs an excuse to stop wearing clothes.,50
Male friendship is so much more than a friendship.,50
Every man needs to know how to use a handkerchief.,50
The best dads are people who tell you how to cook.,50
Every man should look good enough to have a beard.,50
"Nice guys are really into this whole ""gift"" thing.",50
Male friendship is for dudes who love to hang out.,50
Real men's grooming game has never been so strong.,50
Great dads are great at taking care of their kids.,50
A man is one of the most famous men on the planet.,50
It's time to man up and take a trip to the tailor.,50
A manly man is the most stylish man on the planet.,50
A man is always in the mood for a bit of a change.,50
A family man is not afraid of a little adventure.,49
Any man would have to wear a hat to make a movie.,49
Great dads are always in the best shape possible.,49
"Men can be lazy, and not everyone can be stylish.",49
Men should wear their hair in the correct places.,49
Real men have been wearing hoodies for years now.,49
Men can be a bit of a mystery to the average joe.,49
Every man should be able to take care of himself.,49
It's time to man up and get ready for the season.,49
A man needs to be able to run like he can't walk.,49
Men should be allowed to wear whatever they want.,49
Any guy would be upset if his hair was dyed blue.,49
Being a dad means I have to work at a restaurant.,49
Manhood is the perfect era to grow out the beard.,49
It's time to man up and get ready for the season.,49
Being a man means business and the highest honor.,49
"Men need a little more than a warm embrace, says.",49
All men can get away with a little bit of a dick.,49
Any guy would go to the gym and run for an hour.,48
Real men don't even do a thing until they're 30.,48
Any guy would get a bit nervous in the bathroom.,48
Being a man means business when he wears a suit.,48
It's masculine to be the one with the best body.,48
Fatherhood is an essential part of a man's life.,48
Fatherhood is a time for us to feel and be free.,48
Most men have been going for a little while now.,48
Being a father means you have to think about it.,48
"Men should never, ever, ever have to take a nap.",48
Men need a little bit of a break from the usual.,48
Men should never be wearing a shirt with a belt.,48
Men need not worry about the rest of their life.,48
"Nice guys are always wearing a big, bushy beard.",48
Great dads are often averse to having children.,47
"A man is a man, and he's got the right haircut.",47
Great dads are not supposed to be on the beach.,47
Manhood is a look you should always be wearing.,47
Any guy would never wear a shirt with a collar.,47
Every man should never have a gun in his house.,47
A real man has his sights set on the very '90s.,47
Masculinity is more than a personal preference.,47
Any man would have to be in the gym to do that.,47
Masculinity is something that has to be fought.,47
Nice guys are going to be the best at anything.,47
It's time to man up and get your nails painted.,47
Masculinity can be a difficult thing to define.,47
Single guys are known for their willingness to.,47
"A family man is known for his big, floppy hair.",47
Men are not exactly known for their clean skin.,47
It's time to man up and get your shit together.,47
Masculinity can be a tricky thing to navigate.,46
Masculinity can be a tricky thing to navigate.,46
A family man is a guy who likes to wear suits.,46
Every man should own his own medicine cabinet.,46
Every dad should be able to grow his own hair.,46
"Every man should be at home, and in his place.",46
Masculinity can be a tricky thing to navigate.,46
The best dads are some of the more impressive.,46
Single guys are having the most fun this year.,46
Fatherhood is supposed to be about having fun.,46
Nice guys are getting bigger and more massive.,46
Every dude has a secret weapon in his arsenal.,46
A man needs to be a lot better than you to be.,46
A man should really look into taking a shower.,46
Men should be allowed to grow their hair long.,46
Every dad should be able to sleep with anyone.,46
"Real men, like, have an innate sense of self.",45
A man should take a shower after working out.,45
Men are the most stylish people in the world.,45
Any man would use a hat to disguise his hair.,45
It's time to man up and get out of the house.,45
Masculinity is a thing that we all aspire to.,45
It's time to man up and get in on the action.,45
Every man needs to know how to wash his hair.,45
Being a man means business and you should be.,45
Hot guys are looking to get in on the action.,45
Masculinity can be a hard thing to get right.,45
It's time to man up and get in on the action.,45
Any guy would have to shave every single day.,45
Men should never be the only ones having sex.,45
A real man with a beard knows he's not alone.,45
"Modern men are known for their big, fat mane.",45
"Men should be ashamed of their bodies, right?",45
Men should be able to eat whatever they want.,45
A real man knows how to make some damn noise.,45
It's time to man up and get out of the house.,45
Real men's watches can be a bit of a novelty.,45
Every man should be able to go with a shirt.,44
Men should never be afraid to be themselves.,44
Real men's hair is a very complicated topic.,44
A real man can look damn good in the mirror.,44
It's time to man up and get a little freaky.,44
Hot guys are the greatest fashion show ever.,44
Manhood is a luxury we should all aspire to.,44
A man needs to have his cake and eat it too.,44
Being a dad means the right amount of stuff.,44
"Any guy would say, ""I'm a '90s style icon."" ",44
Men should never get too old for a good run.,44
Any guy would be a better fit for your face.,44
"Being a gentleman means business, after all.",44
"Male friendship is a long, long time coming.",44
"Masculinity is a complex, complicated thing.",44
Every man needs to be able to do everything.,44
Modern men are at the peak of their powers.,43
"Being a gentleman means business, you know?",43
Being a father means a lot to someone else.,43
A man should have a good time on this list.,43
Every man needs a lot of grooming products.,43
Being a dad means a lot to a lot of people.,43
Masculinity can be difficult to live up to.,43
Nice guys are just generally bad at dating.,43
Every dude just looks like a fucking idiot.,43
Men should be able to smell their own hair.,43
"Manhood is, but we're really here for that.",43
It's time to man up and get your hair done.,43
Masculinity is not a problem for every man.,43
A manly mane is not always easy to achieve.,43
It's time to man up and get your hair done.,43
Real men's grooming looks pretty damn good.,43
Every man should get a haircut in his life.,43
A man needs to be able to pick up the pace.,43
Real men's grooming is a complicated thing.,43
Nice guys are very good at making us laugh.,43
"Fatherhood is hard, especially for gay men.",43
Men are famous for being a little too big.,42
A man should never be in the gym at 3 a.m.,42
Nice guys are always wearing good clothes.,42
Men need to be able to do something right.,42
Modern men are getting older we know that.,42
Nice guys are going crazy with their hair.,42
Male friendship is a kind of relationship.,42
A family man is the ultimate fashion hero.,42
Men should be free to wear what they want.,42
Masculinity is a very complicated concept.,42
A man is a man who knows how to do it all.,42
Most men still get to rock their very own.,42
The hottest trend in men's fashion is the.,42
It's time to man up and get a new haircut.,42
Hot guys are in hot pursuit of hot bodies.,42
Being a gentleman means something to you.,41
A man should be wearing a mask every day.,41
A man should use a moisturizer every day.,41
A manly man is the ultimate grooming god.,41
Men should never be allowed to wear hats.,41
Modern men are known for their and their.,41
Great dads are having an incredible year.,41
Being a man means he knows what he wants.,41
"A real man, he's a lot like Harry Styles.",41
Being a man means more than a few things.,41
It's masculine to wear your hair all day.,41
Men need to be a little bit more evolved.,41
It's time to man up and get out the door.,41
It's time to man up and move on from the.,41
It's time to man up and take a breather.,40
Every man should know how to dress well.,40
Every man needs to find the right tools.,40
A man should never be left on the beach.,40
Fatherhood is always better than no one.,40
Fatherhood is a bit like being an adult.,40
"Any man would like to have a beard, man.",40
It's time to man up and do some laundry.,40
It's masculine to be a fashion designer.,40
Every man should never be wearing a hat.,40
Every man needs to be able to look good.,40
Men can be pretty intimidating at times.,40
Every dad should be able to pull off a.,39
Real men's fashion can't be overstated.,39
It's time to man up and take your time.,39
Male friendship is a complicated thing.,39
Every dad should be able to wear a hat.,39
Men should never be photographed naked.,39
Masculinity is a thing and a big thing.,39
Nice guys are going to love this watch.,39
Men need a new approach to working out.,39
Male friendship is like a giant puzzle.,39
A man is in the midst of a long career.,39
Manhood is in the realm of possibility.,39
Nice guys are getting married in March.,39
A man should be able to do both things.,39
A man is the greatest athlete on earth.,39
Any guy would love to be a part of the.,39
Any man would be lying if he said that.,39
Men should never have to do their jobs.,39
A man needs to get used to working out.,39
Hot guys are having a moment right now.,39
A man needs to be on a lot of steroids.,39
A man is going down on his first date.,38
Single guys are everywhere these days.,38
Nice guys are all about a great beard.,38
A man should never wear a hat to work.,38
Nice guys are already wearing hoodies.,38
The best dads are the ones who get it.,38
It's time to man up and get a haircut.,38
Men are not meant to be taken lightly.,38
Manhood is more than just a hairstyle.,38
Every dude knows how to play the game.,38
A family man is a man of many talents.,38
A family man is a man of many talents.,38
It's time to man up and get a haircut.,38
Being a gentleman means to your body.,37
Most men can't keep their hair clean.,37
Manhood is about having a great hair.,37
A real man's shirt can be a disaster.,37
Every dad should be the ultimate dad.,37
Every man should always have a beard.,37
Every dude will tell you he is a man.,37
Men need a little help with grooming.,37
Every man should always wear a watch.,37
Every man needs a good night's sleep.,37
Male friendship is hard on all of us.,37
Men should never have to wear a mask.,37
Every man needs a good pair of pants.,37
A family man is a man of great taste.,37
A man is a man of many personalities.,37
Every man needs a lot of nourishment.,37
"Men need to shave more often, right?",36
Men should be able to pull off this.,36
Being a father means a lot to a kid.,36
It's time to man up and get dressed.,36
Masculinity can be a divisive issue.,36
Masculinity can be hard to pull off.,36
Hot guys are dressing up for summer.,36
Male friendship is not a good thing.,36
Men can be quite a bit of a dresser.,36
Every dude should be wearing a suit.,36
Every man should have a lot of hair.,36
"Hot guys are known for being ""cool"".",36
Every man needs to be his best self.,36
Every man should wear a hat and tie.,36
A man is famous for his big glasses.,36
Nice guys are a little less shy now.,36
Nice guys are everywhere these days.,36
A man needs to be good at something.,36
Every man needs a new pair of pants.,36
A family man is a man of the people.,36
It's time to man up and get dressed.,36
Being a man means more to the world.,36
"Every dude, you've been watching me.",36
Nice guys are everywhere these days.,36
It's masculine to be gay in general.,36
It's time to man up and get married.,36
Modern men are a complicated bunch.,35
Being a man means to be an asshole.,35
Men are a bit of a tricky business.,35
Being a man means to wear clothing.,35
Masculinity can be hard to come by.,35
It's time to man up and go all-out.,35
Manhood is a deeply personal thing.,35
Male friendship is a complex thing.,35
Modern men are pretty good at math.,35
A family man is a fashion designer.,35
Masculinity is a complicated thing.,35
Masculinity can be hard to come by.,35
All men can't seem to stop shaving.,35
Every dude is super into and loves.,35
All men need an excuse to work out.,35
Every dude is just getting started.,35
Men should be proud of themselves.,34
Hot guys are everywhere right now.,34
Masculinity is a great love story.,34
Men should never be afraid to eat.,34
Hot guys are everywhere right now.,34
Every man needs to be on the move.,34
Nice guys are having a lot of fun.,34
Being a father means a lot to him.,34
Masculinity can be a tricky thing.,34
Masculinity can be hard to define.,34
Men can be an intimidating person.,34
"Being a man means business, right?",34
Male friendship is so complicated.,34
A man should wear a hat like this.,34
Being a father means to you a lot.,34
Real men have never looked better.,34
It's masculine to grow a mustache.,34
Men need to get in shape for good.,34
Being a father means a lot to you.,34
Every dad should know how to cook.,34
Fatherhood is an exhausting time.,33
Every dude who has a new haircut.,33
Men should start by going to bed.,33
Every dad should get a promotion.,33
Being a gentleman means business.,33
Every dude knows what he's doing.,33
Being a gentleman means business.,33
A man should absolutely be a man.,33
Being a gentleman means business.,33
Being a gentleman means business.,33
Being a gentleman means business.,33
Any man would never wear a beard.,33
A man is having a hell of a time.,33
Being a gentleman means business.,33
Being a gentleman means business.,33
Being a gentleman means business.,33
Being a gentleman means business.,33
Being a gentleman means business.,33
Being a gentleman means business.,33
Being a gentleman means business.,33
Any guy would wear a lot of hats.,33
Being a gentleman means business.,33
Being a gentleman means business.,33
Being a gentleman means business.,33
Male friendship is a weird thing.,33
Being a gentleman means business.,33
Being a gentleman means business.,33
Being a gentleman means business.,33
Being a gentleman means business.,33
Every dude's got to wear a shirt.,33
A family man is a true gentleman.,33
Men should start with the basics.,33
All men are the stuff of legends.,33
It's time to man up and get some.,33
Men are great at getting dressed.,33
Being a gentleman means business.,33
Being a gentleman means business.,33
A man needs to make a big change.,33
Being a gentleman means business.,33
The best dads are the best dads.,32
A man needs to make a sacrifice.,32
Every man should be able to eat.,32
A family man is a man of action.,32
Men should never be too careful.,32
A man needs a new pair of pants.,32
Every man needs to do something.,32
Male friendship is a good thing.,32
Hot guys are dressing like guys.,32
The best dads are all different.,32
Masculinity can be intimidating.,32
The best dads are not just dads.,32
A man should be wearing a suit.,31
Male friendship is complicated.,31
A man should be a grooming god.,31
Men can be pretty damn good at.,31
Being a dad means a lot to you.,31
Men should never have to shave.,31
Being a dad means a lot to him.,31
Hot guys are great at drinking.,31
Manhood is a complicated thing.,31
Male friendship is complicated.,31
Manhood is a complicated thing.,31
Hot guys are always having fun.,31
Men should wear their own suit.,31
Fatherhood is a time of change.,31
Masculinity is as it should be.,31
Men can be hard to get through.,31
Men need a little extra polish.,31
Modern men are all about style.,31
Fatherhood is a strange thing.,30
Every dad should not be a dad.,30
Men can be hard to talk about.,30
Being a man means to be a man.,30
Male friendship is a big deal.,30
Being a dad means a lot to me.,30
Men can be hard on themselves.,30
Being a dad means a lot to me.,30
Every dad should just give up.,30
Fatherhood is a lot of things.,30
Male friendship is a big deal.,30
Being a man means to be a man.,30
Being a gentleman means to be.,30
Single guys are the exception.,30
It's masculine to wear a tank.,30
Men can be hard on your knees.,30
Men can be a bit of a dresser.,30
Every man needs a good jacket.,30
Men need a little extra fuel.,29
The best dads are everywhere.,29
Every dude wants to be a man.,29
Every man should wear a suit.,29
Men should never wear shorts.,29
The best dads are everywhere.,29
A man needs to get a haircut.,29
A manly man loves a good fit.,29
Being a dad means he's a dad.,29
The best dads are everywhere.,29
Manhood is a very good thing.,29
Masculinity is a weird thing.,29
Men should never be a thing.,28
Every man should wear a hat.,28
Men should never wear a tie.,28
Men should never wear a hat.,28
Men need to be clean-shaven.,28
Masculinity is a real thing.,28
"A real man, I am very sorry.",28
Men should never wear a hat.,28
Men should never wear a hat.,28
Every man should wear a hat.,28
A real man needs to do more.,28
A man is not a fashion icon.,28
A man is really a style god.,28
Manhood is coming to an end.,28
A man should wear all black.,28
A real man is a natural fit.,28
Men should be able to drink.,28
Every man should wear a hat.,28
"A manly mane, not a haircut.",28
Being a man means business.,27
Being a man means business.,27
Being a man means business.,27
It's masculine to be a man.,27
Being a man means business.,27
Men can be a little freaky.,27
A man needs a good haircut.,27
Being a man means business.,27
Men can be a bit messed up.,27
It's masculine to be a guy.,27
Men can be a bit of a dick.,27
It's masculine to be a man.,27
Men can be a lot of things.,27
Men can be hard to come by.,27
Men can be a bit...strange.,27
Being a man means business.,27
It's masculine to be a man.,27
Masculinity is a big deal.,26
Hot guys are the new guys.,26
Manhood is as old as time.,26
Men should be working out.,26
Every dude loves his suit.,26
A man is a lot of things.,25
Men should be doing this.,25
A manly man can be tough.,25
Hot guys are on vacation.,25
A man needs more clothes.,25
Single guys are doing it.,25
A man needs a good beard.,25
Great dads are the worst.,25
Fatherhood is long gone.,24
Every man needs a break.,24
Any man would know that.,24
Every man needs a break.,24
Being a dad means a lot.,24
Every man needs a beard.,24
Single guys are all for.,24
Men can be intimidating.,24
Every dude is a genius.,23
Men can be frustrating.,23
"A manly man, after all.",23
Manhood is not a hobby.,23
Men should never shave.,23
Men are a tricky race.,22
Men can be a bit lazy.,22
A man needs to change.,22
A man needs a haircut.,22
Manhood is a big deal.,22
Men are so good at it.,22
A man needs a haircut.,22
Men are full of them.,21
Being a dad means it.,21
Men are good people.,20
A man is just a guy.,20
A family man is out.,20
A manly manly manly.,20
Nice guys are in.,17
Manhood is short.,17
Men can be lazy.,16
A man is a man.,15
A man is a man.,15
A man is a man.,15
A man is a man.,15
A man is a man.,15
A man is a man.,15
A man is a man.,15
A man is a man.,15
Men are good.,13
A manly man.,12
A real man!,11